repo,run_id,run_conclusion,job,job_conclusion,duration_s
MemerGamer/Phoenix-DevSecOps-Demo,25632295857,success,Build & Test,success,42
MemerGamer/Phoenix-DevSecOps-Demo,25632295857,success,Secret Scan (Gitleaks),success,4
MemerGamer/Phoenix-DevSecOps-Demo,25632295857,success,SAST (Sobelow),success,58
MemerGamer/Phoenix-DevSecOps-Demo,25632295857,success,Config Scan (Checkov),success,32
MemerGamer/Phoenix-DevSecOps-Demo,25632295857,success,SCA (mix audit),success,63
MemerGamer/Phoenix-DevSecOps-Demo,25632295857,success,Attest & Deploy Gate,success,38
MemerGamer/Phoenix-DevSecOps-Demo,25629886364,success,Build & Test,success,123
MemerGamer/Phoenix-DevSecOps-Demo,25629886364,success,Config Scan (Checkov),success,33
MemerGamer/Phoenix-DevSecOps-Demo,25629886364,success,SCA (mix audit),success,60
MemerGamer/Phoenix-DevSecOps-Demo,25629886364,success,SAST (Sobelow),success,60
MemerGamer/Phoenix-DevSecOps-Demo,25629886364,success,Attest & Deploy Gate,success,31
MemerGamer/Phoenix-DevSecOps-Demo,23596350691,failure,Build & Test,success,37
MemerGamer/Phoenix-DevSecOps-Demo,23596350691,failure,SCA (mix audit),success,55
MemerGamer/Phoenix-DevSecOps-Demo,23596350691,failure,Config Scan (Checkov),success,40
MemerGamer/Phoenix-DevSecOps-Demo,23596350691,failure,SAST (Sobelow),success,62
MemerGamer/Phoenix-DevSecOps-Demo,23596350691,failure,Attest & Deploy Gate,failure,34
MemerGamer/Phoenix-DevSecOps-Demo,23594597563,failure,Build & Test,success,40
MemerGamer/Phoenix-DevSecOps-Demo,23594597563,failure,Config Scan (Checkov),success,41
MemerGamer/Phoenix-DevSecOps-Demo,23594597563,failure,SCA (mix audit),success,61
MemerGamer/Phoenix-DevSecOps-Demo,23594597563,failure,SAST (Sobelow),success,56
MemerGamer/Phoenix-DevSecOps-Demo,23594597563,failure,Attest & Deploy Gate,failure,38
MemerGamer/Phoenix-DevSecOps-Demo,23594415159,failure,Build & Test,success,48
MemerGamer/Phoenix-DevSecOps-Demo,23594415159,failure,Config Scan (Checkov),success,36
MemerGamer/Phoenix-DevSecOps-Demo,23594415159,failure,SAST (Sobelow),success,62
MemerGamer/Phoenix-DevSecOps-Demo,23594415159,failure,SCA (mix audit),success,61
MemerGamer/Phoenix-DevSecOps-Demo,23594415159,failure,Attest & Deploy Gate,failure,35
MemerGamer/Phoenix-DevSecOps-Demo,23545349821,failure,Build & Test,success,44
MemerGamer/Phoenix-DevSecOps-Demo,23545349821,failure,SCA (mix audit),success,57
MemerGamer/Phoenix-DevSecOps-Demo,23545349821,failure,Config Scan (Checkov),success,39
MemerGamer/Phoenix-DevSecOps-Demo,23545349821,failure,SAST (Sobelow),success,61
MemerGamer/Phoenix-DevSecOps-Demo,23545349821,failure,Attest & Deploy Gate,failure,35
MemerGamer/Phoenix-DevSecOps-Demo,23544956364,failure,Build & Test,success,45
MemerGamer/Phoenix-DevSecOps-Demo,23544956364,failure,SAST (Sobelow),success,59
MemerGamer/Phoenix-DevSecOps-Demo,23544956364,failure,Config Scan (Checkov),success,41
MemerGamer/Phoenix-DevSecOps-Demo,23544956364,failure,SCA (mix audit),success,56
MemerGamer/Phoenix-DevSecOps-Demo,23544956364,failure,Attest & Deploy Gate,failure,36
MemerGamer/Phoenix-DevSecOps-Demo,23544579655,failure,Build & Test,success,128
MemerGamer/Phoenix-DevSecOps-Demo,23544579655,failure,SAST (Sobelow),success,59
MemerGamer/Phoenix-DevSecOps-Demo,23544579655,failure,SCA (mix audit),success,56
MemerGamer/Phoenix-DevSecOps-Demo,23544579655,failure,Config Scan (Checkov),success,38
MemerGamer/Phoenix-DevSecOps-Demo,23544579655,failure,Attest & Deploy Gate,failure,5
MemerGamer/Phoenix-DevSecOps-Demo,23544411557,failure,Build & Test,failure,29
MemerGamer/Phoenix-DevSecOps-Demo,23544411557,failure,SCA (mix audit),skipped,0
MemerGamer/Phoenix-DevSecOps-Demo,23544411557,failure,SAST (Sobelow),skipped,-1
MemerGamer/Phoenix-DevSecOps-Demo,23544411557,failure,Config Scan (Checkov),skipped,-1
MemerGamer/Phoenix-DevSecOps-Demo,23544411557,failure,Attest & Deploy Gate,skipped,-1
MemerGamer/Rust-DevSecOps-Demo,25632898839,failure,Build & Test,success,18
MemerGamer/Rust-DevSecOps-Demo,25632898839,failure,Config Scan (Checkov),success,37
MemerGamer/Rust-DevSecOps-Demo,25632898839,failure,SAST (semgrep),success,22
MemerGamer/Rust-DevSecOps-Demo,25632898839,failure,Secret Scan (Gitleaks),success,6
MemerGamer/Rust-DevSecOps-Demo,25632898839,failure,SCA (cargo-audit),success,23
MemerGamer/Rust-DevSecOps-Demo,25632898839,failure,Attest & Deploy Gate,failure,29
